speaker,minute,text
Jordan,0,"Welcome everyone. Today we are debating the future of work, specifically whether a fully remote work model is superior to the traditional return-to-office mandate. I will argue that remote work is undeniably the better path forward. The traditional office model is an outdated relic of the industrial age. By forcing employees to commute hours every week, we are stealing their most valuable resource: time. Remote work gives people their lives back. It allows for unprecedented flexibility, deeply focused work without the constant interruptions of an open-plan office, and significant financial savings on commuting, professional wardrobes, and expensive city lunches. The data consistently shows that productivity actually increases when employees are trusted to manage their own environments. We are not just working from home; we are evolving how work integrates with life."
Taylor,3,"I appreciate your perspective, Jordan, but I fundamentally disagree that remote work is a universally superior model. While it offers individual convenience, it severely damages collective synergy. The office is not just a place to house desks; it is the physical manifestation of a company's culture. When we are physically present, we benefit from spontaneous interactions—the hallway conversations, the quick whiteboard sessions, the overhearing of a problem that you happen to know the solution to. You cannot schedule serendipity on a Zoom call. Furthermore, returning to the office creates a clear psychological boundary between 'work' and 'home.' During the pandemic, many people found they weren't working from home; they were living at work. Burnout skyrocketed because the laptop was always just sitting there on the kitchen table."
Jordan,6,"That 'psychological boundary' argument is a matter of personal discipline, Taylor, not a mandate for a corporate policy. And regarding serendipity—this idea of 'watercooler innovation' is largely a myth used by management to justify expensive real estate. Modern digital collaboration tools like Slack, Teams, and asynchronous video have replaced the hallway chat, and they actually democratize communication. In a physical office, serendipity is limited to whoever happens to sit near you. In a digital-first environment, you can seamlessly collaborate with the best person for the job, whether they are in Tokyo, London, or New York. The focus shifts from 'who is visible at their desk' to 'who is actually producing the best work.' This eliminates proximity bias and allows true meritocracy to thrive."
Taylor,9,"But at what cost to our junior employees? You mentioned democratizing communication, but remote work often leaves new hires completely adrift. When you are new to an industry, you learn by observing. You learn the unspoken rules of the trade, how to navigate difficult client conversations, and how to carry yourself professionally by watching veterans in the same room. You simply cannot absorb that implicit knowledge through a screen. Mentorship becomes rigid and scheduled rather than organic. Furthermore, let's talk about the economic impact. The ecosystem of downtown areas—the cafes, the dry cleaners, the public transit systems—relies heavily on the daily influx of office workers. By abandoning the office, we are inadvertently crippling local economies that depend on that foot traffic."
Jordan,12,"That economic argument is fundamentally flawed. We aren't destroying the local economy; we are redistributing it. Instead of funneling all our money into overpriced downtown coffee shops, remote workers are spending their money in their own local neighborhoods. Suburban and rural economies are seeing a massive revitalization because people are finally living and spending where they want to, not where they are forced to commute to. And as for junior employees, the failure of remote mentorship is a failure of management, not the remote model itself. If a company relies on 'overhearing conversations' for training, they have a terrible onboarding process. Remote work forces companies to actually document their processes, create intentional mentorship programs, and be deliberate about company culture rather than just relying on free pizza and ping-pong tables."
Taylor,15,"You dismiss the physical environment very quickly, Jordan, but let's address the rising epidemic of loneliness and isolation among remote workers. Humans are inherently social creatures. For millions of people, the workplace provides their primary source of social interaction and community. Staring at a grid of faces on a monitor for eight hours a day is profoundly alienating. We are seeing a massive increase in mental health issues related to this isolation. A deliberate company culture is great, but you cannot 'document' human connection. The laughter before a meeting starts, the shared experience of tackling a tough project late at night in a war room—these are the glue that binds a team together. Without it, employees become disconnected mercenaries, entirely transactional in their relationship with the company, ready to jump ship for a slight pay bump because they have no emotional ties to their colleagues."
Jordan,18,"I find it ironic that you bring up mental health, Taylor. Do you know what else is terrible for mental health? Waking up at 5:30 AM to cram onto a crowded, delayed train for 45 minutes, sitting in gridlock traffic, and missing your child's school play because you were stuck in a cubicle. The flexibility of remote work allows people to exercise, prepare healthy meals, spend time with their families, and run errands during the day, drastically improving their overall well-being. Yes, isolation can be a risk, but the solution isn't to force everyone back into a fluorescent-lit box for 40 hours a week. The solution is empowering people to find community outside of work. Your job shouldn't be your entire life or your only source of friends. Remote work establishes a much healthier dynamic where work funds your life, rather than consuming it."
Taylor,21,"But work is a fundamental part of life, Jordan, and separating it entirely into a transactional digital vacuum is a bleak vision for the future. Let's also look at the massive inequities remote work creates. It is a luxury primarily available to white-collar, knowledge workers. What about the essential workers, the manufacturing sector, the healthcare professionals? Championing remote work as the ultimate future completely ignores the reality of the broader workforce, creating a two-tiered society of the 'laptop class' and everyone else. Furthermore, from an organizational security and infrastructure standpoint, maintaining thousands of individual, insecure home networks is a cybersecurity nightmare compared to a centralized, secured office environment. The hidden costs of remote work—from IT support to the loss of proprietary information—are staggering and often ignored by its proponents."
Jordan,24,"The fact that not every job can be remote is a terrible excuse for forcing those that can be remote back into an office. That is a race to the bottom. Should we ban comfortable office chairs because construction workers have to stand all day? Of course not. We should strive to improve the working conditions for every sector in ways that make sense for that sector. Regarding cybersecurity, we have Zero Trust architectures and secure VPNs. Companies manage global digital operations just fine; it is a solved technical problem. What isn't solved is the massive carbon footprint of millions of cars sitting in daily traffic. If we are serious about combating climate change, eliminating the daily commute for millions of workers is one of the most immediate, impactful actions we can take. The environmental benefits alone make remote work a moral imperative, let alone a business advantage."
Taylor,27,"The environmental argument is a double-edged sword. Yes, commuting emissions drop, but we are now heating, cooling, and powering millions of individual homes during the day instead of centralizing that energy use in highly efficient, LEED-certified commercial buildings. Studies are already showing that the energy consumption shift might entirely negate the commuting benefits during winter and summer months. But to bring it back to the core of the debate: the fundamental purpose of an organization is to bring people together to achieve something they could not achieve alone. Humans build trust by looking each other in the eye, reading body language, and sharing physical space. You can maintain relationships remotely, but it is incredibly difficult to build deep, enduring trust from scratch over a video call. The return to the office isn't about control; it is about connection, collaboration, and building a resilient organization that is more than just a collection of detached avatars."
Jordan,30,"Trust is built by delivering on promises, communicating transparently, and respecting each other's time and autonomy—none of which require physical proximity. You say returning to the office isn't about control, but for many executives, it absolutely is. It is a desperate attempt to justify long-term commercial real estate leases and to maintain a visible illusion of productivity—managing by walking around instead of managing by actual outcomes. The genie is out of the bottle. The global talent pool has been unlocked. Companies that insist on geographically restricting their hiring to a 30-mile radius around a physical building will ultimately lose to companies that hire the absolute best person in the world for the job, regardless of their zip code. Remote work isn't just a perk; it is a competitive evolution. Those who refuse to adapt will be left behind by a workforce that has finally tasted true autonomy."
Taylor,33,"Evolution requires balance, Jordan. An entirely remote workforce fragments a company into silos of isolated workers, heavily dependent on text-based communication which is notoriously stripped of nuance and empathy. When every interaction has to be scheduled on a calendar, people stop asking the quick, informal questions that often prevent massive mistakes down the line. We end up over-communicating through endless digital pings while deeply under-connecting on a human level. I am not advocating for a return to rigid 9-to-5 desk sentences, but a vibrant, collaborative hub is essential for long-term organizational health. We need a center of gravity. Without the office, a company loses its soul. We sacrifice our shared identity on the altar of individual convenience. We must bring people back together, not just for the sake of the business, but for the sake of the people themselves."